Data,Ticker,Cena / Wartość księgowa,Cena / Zysk,ROE,Marża zysku operacyjnego,Płynność bieżąca,Zadłużenie ogólne,Udział zysku netto w przepływach operacyjnych
2006-12-31,ABS,4.83,55.39,8.73,5.01,5.03,0.17,39.95
2007-12-31,ABS,5.39,73.65,7.32,15.58,1.94,0.16,96.18
2008-03-31,ABS,5.17,50.25,10.29,17.46,3.16,0.1,-142.18
2008-06-30,ABS,4.09,49.5,8.26,15.96,2.8,0.09,85.87
2008-09-30,ABS,4.03,45.46,8.86,16.62,3.17,0.08,61.94
2008-12-31,ABS,3.88,42.13,9.2,17.04,2.64,0.12,82.54
2009-03-31,ABS,3.79,43.95,8.61,16.38,4.22,0.07,67.25
2009-06-30,ABS,3.94,41.89,9.4,16.41,3.47,0.08,74.92
2009-09-30,ABS,3.86,40.2,9.6,17.45,3.95,0.07,72.28
2009-12-31,ABS,3.75,43.38,8.65,17.13,3.08,0.1,57.68
2010-03-31,ABS,3.64,40.35,9.03,18.9,4.56,0.07,65.56
2010-06-30,ABS,4.58,43.97,10.42,20.1,3.32,0.08,62.02
2010-09-30,ABS,4.46,41.03,10.87,20.26,3.28,0.09,76.17
2010-12-31,ABS,4.3,37.76,11.38,21.22,3.02,0.11,68.91
2011-03-31,ABS,4.15,35.56,11.66,21.74,4.77,0.07,75.08
2011-06-30,ABS,4.55,35.5,12.81,21.7,3.6,0.08,88.76
2011-09-30,ABS,4.45,36.86,12.07,22.18,4.78,0.06,78.78
2011-12-31,ABS,4.3,38.08,11.29,22.1,3.77,0.08,87.86
2012-03-31,ABS,4.19,41.99,9.99,20.57,5.18,0.06,81.26
2012-06-30,ABS,4.67,44.09,10.58,20.12,3.86,0.06,74.51
2012-09-30,ABS,4.55,43.07,10.56,20.57,4.97,0.05,95.41
2012-12-31,ABS,4.39,42.82,10.26,21.99,4.55,0.07,90.44
2013-03-31,ABS,4.28,42.98,9.96,22.49,6.13,0.05,77.19
2013-06-30,ABS,4.66,42.69,10.92,22.89,4.49,0.06,68.88
2013-09-30,ABS,4.55,43.25,10.53,22.9,5.22,0.05,58.68
2013-12-31,ABS,4.39,42.35,10.36,21.8,3.03,0.11,65.96
2014-03-31,ABS,4.26,40.86,10.43,22.03,5.35,0.06,72.92
2014-06-30,ABS,4.63,40.08,11.56,22.76,4.59,0.06,74.73
2014-09-30,ABS,4.52,39.77,11.36,22.67,4.62,0.06,75.46
2014-12-31,ABS,4.36,39.77,10.96,23.6,3.93,0.08,73.0
2015-03-31,ABS,4.23,39.18,10.79,24.3,5.73,0.06,74.31
2015-06-30,ABS,4.6,37.43,12.28,24.81,4.26,0.07,78.75
2015-09-30,ABS,4.45,35.02,12.7,25.98,5.05,0.06,79.63
2015-12-31,ABS,4.27,33.91,12.6,26.64,4.1,0.08,72.09
2016-03-31,ABS,4.11,31.77,12.95,27.86,5.77,0.06,73.05
2016-06-30,ABS,4.51,29.93,15.08,28.81,3.9,0.08,74.72
2016-09-30,ABS,4.32,27.74,15.58,30.04,4.59,0.07,78.5
2016-12-31,ABS,4.13,26.77,15.43,30.55,4.1,0.09,86.34
2017-03-31,ABS,3.94,24.99,15.77,31.32,5.79,0.07,90.53
2017-06-30,ABS,4.43,24.68,17.97,31.5,0.77,0.26,92.25
2017-09-30,ABS,4.32,25.21,17.15,29.3,0.86,0.24,85.34
2017-12-31,ABS,4.06,22.67,17.92,29.22,0.88,0.22,78.35
2018-03-31,ABS,3.86,22.09,17.48,28.26,1.18,0.18,69.87
2018-06-30,ABS,4.28,20.13,21.27,28.25,0.75,0.26,73.2
2018-09-30,ABS,4.06,18.79,21.63,29.22,0.83,0.2,73.93
2018-12-31,ABS,3.81,18.16,20.96,30.07,1.21,0.18,78.02
2019-03-31,ABS,3.68,17.96,20.49,30.2,1.3,0.23,75.08
2019-06-30,ABS,4.17,18.08,23.04,30.22,0.68,0.29,67.87
2019-09-30,ABS,3.94,17.67,22.29,30.4,0.87,0.26,68.73
2019-12-31,ABS,3.59,15.47,23.23,32.01,1.38,0.25,69.65
2004-12-31,ACP,9.79,3017.82,0.32,4.46,0.96,0.73,-1.68
2005-12-31,ACP,5.69,36.69,15.5,9.72,1.31,0.59,105.47
2006-03-31,ACP,5.57,34.5,16.16,10.59,1.38,0.49,93.44
2006-06-30,ACP,5.7,39.99,14.26,7.77,1.52,0.5,67.33
2006-09-30,ACP,5.16,28.21,18.28,6.78,1.6,0.49,62.28
2006-12-31,ACP,4.74,21.64,21.91,9.08,1.69,0.5,269.95
2007-03-31,ACP,2.02,32.54,6.21,11.94,1.87,0.23,117.11
2007-06-30,ACP,1.99,25.61,7.79,13.77,1.65,0.24,98.88
2007-09-30,ACP,2.05,22.75,8.99,16.31,1.33,0.29,95.41
2007-12-31,ACP,1.7,20.35,8.37,18.45,1.49,0.35,328.26
2008-03-31,ACP,1.66,17.47,9.53,18.76,1.08,0.38,247.16
2008-06-30,ACP,1.86,19.53,9.51,18.41,1.32,0.35,266.44
2008-09-30,ACP,1.81,17.36,10.43,18.14,1.43,0.32,150.13
2008-12-31,ACP,1.46,15.46,9.45,17.74,1.28,0.34,65.92
2009-03-31,ACP,1.4,14.39,9.7,17.18,1.27,0.32,73.61
2009-06-30,ACP,1.41,14.32,9.82,18.02,1.26,0.26,71.05
2009-09-30,ACP,1.38,13.34,10.34,18.34,1.39,0.23,74.17
2009-12-31,ACP,1.35,13.32,10.14,17.23,1.39,0.24,85.1
2010-03-31,ACP,1.34,12.63,10.64,17.56,1.35,0.24,87.21
2010-06-30,ACP,1.25,12.36,10.12,17.08,1.6,0.22,77.64
2010-09-30,ACP,1.22,12.13,10.1,17.47,1.62,0.2,83.88
2010-12-31,ACP,,11.98,,17.57,1.71,0.25,61.4
2011-03-31,ACP,1.09,11.93,9.12,16.81,1.89,0.24,55.91
2011-06-30,ACP,1.11,12.67,8.73,15.92,1.85,0.22,61.58
2011-09-30,ACP,1.05,12.74,8.22,14.46,2.04,0.21,60.18
2011-12-31,ACP,1.02,12.52,8.17,13.0,1.8,0.26,72.69
2012-03-31,ACP,1.02,12.29,8.31,12.58,2.0,0.24,64.14
2012-06-30,ACP,1.04,12.14,8.54,12.06,1.82,0.26,63.2
2012-09-30,ACP,1.04,12.92,8.03,11.7,2.05,0.23,57.46
2012-12-31,ACP,1.03,14.38,7.18,11.75,1.87,0.25,54.46
2013-03-31,ACP,1.0,14.86,6.75,11.55,2.02,0.23,54.46
2013-06-30,ACP,1.01,14.99,6.75,11.4,1.86,0.25,48.61
2013-09-30,ACP,1.01,15.01,6.76,11.13,1.95,0.24,55.58
2013-12-31,ACP,1.01,13.51,7.51,10.35,1.8,0.25,52.35
2014-03-31,ACP,0.99,13.34,7.46,9.83,2.24,0.25,63.81
2014-06-30,ACP,1.02,13.4,7.62,9.58,2.06,0.25,54.4
2014-09-30,ACP,1.02,13.3,7.65,9.61,2.17,0.23,52.04
2014-12-31,ACP,1.01,14.84,6.78,10.22,2.0,0.25,52.21
2015-03-31,ACP,1.01,15.71,6.45,10.27,1.97,0.25,41.2
2015-06-30,ACP,1.04,16.99,6.1,10.19,1.76,0.26,46.29
2015-09-30,ACP,1.02,16.15,6.32,10.32,1.92,0.29,41.98
2015-12-31,ACP,0.99,14.56,6.82,10.27,1.79,0.31,43.2
2016-03-31,ACP,0.98,15.05,6.5,10.21,1.84,0.29,41.55
2016-06-30,ACP,1.0,14.36,6.97,10.02,1.69,0.3,44.72
2016-09-30,ACP,0.99,15.18,6.5,9.89,1.75,0.28,39.43
2016-12-31,ACP,0.97,17.66,5.47,9.7,1.74,0.32,34.11
2017-03-31,ACP,0.96,17.94,5.34,9.18,1.63,0.32,38.33
2017-06-30,ACP,1.0,19.58,5.09,8.6,1.43,0.34,31.51
2017-09-30,ACP,0.95,11.12,8.52,8.21,1.92,0.16,78.65
2017-12-31,ACP,0.95,11.4,8.33,7.47,1.69,0.3,67.49
2018-03-31,ACP,0.94,11.21,8.42,7.42,1.68,0.29,64.75
2018-06-30,ACP,0.95,11.47,8.32,7.96,1.49,0.39,60.97
2018-09-30,ACP,0.95,17.73,5.35,7.88,1.55,0.39,33.04
2018-12-31,ACP,0.93,15.96,5.83,8.54,1.6,0.39,33.31
2019-03-31,ACP,0.91,15.47,5.91,8.87,1.59,0.43,29.69
2019-06-30,ACP,0.95,13.92,6.82,8.92,1.5,0.44,34.64
2019-09-30,ACP,0.93,15.82,5.85,9.18,1.46,0.45,25.66
2019-12-31,ACP,0.92,16.5,5.59,9.15,1.49,0.45,21.47
2009-12-31,ALL,6.49,137.69,4.72,4.97,1.41,0.3,117.06
2010-12-31,ALL,10.46,27.71,37.76,12.71,1.94,0.38,613.39
2011-06-30,ALL,7.97,20.71,38.49,24.62,2.42,0.33,820.5
2011-09-30,ALL,5.36,20.63,26.0,25.06,3.9,0.22,912.13
2011-12-31,ALL,5.05,19.2,26.28,23.61,2.55,0.32,346.45
2012-03-31,ALL,4.72,21.48,21.95,21.62,2.76,0.27,309.62
2012-06-30,ALL,4.4,21.07,20.86,22.15,3.15,0.25,315.68
2012-09-30,ALL,4.13,17.76,23.26,23.64,3.41,0.24,126.73
2012-12-31,ALL,3.77,14.67,25.66,29.25,3.37,0.17,92.11
2013-03-31,ALL,3.61,15.23,23.72,27.05,5.56,0.1,65.69
2013-06-30,ALL,3.5,16.91,20.7,22.59,7.28,0.07,66.16
2013-09-30,ALL,3.35,17.77,18.86,24.35,9.49,0.06,90.02
2013-12-31,ALL,2.85,11.64,24.45,32.38,3.22,0.21,162.89
2014-03-31,ALL,2.84,11.6,24.53,32.22,6.87,0.54,223.44
2014-06-30,ALL,1.32,12.88,10.22,24.63,3.89,0.34,-1271.23
2014-09-30,ALL,1.36,14.07,9.68,17.12,4.88,0.32,552.3
2014-12-31,ALL,1.3,10.21,12.74,17.22,2.94,0.37,-9788.89
2015-03-31,ALL,1.28,9.47,13.48,15.54,3.99,0.33,472.87
2015-06-30,ALL,1.2,7.55,15.83,16.87,6.2,0.29,393.88
2015-09-30,ALL,1.1,7.53,14.57,18.13,5.15,0.36,303.75
2015-12-31,ALL,1.14,11.65,9.79,13.34,2.67,0.42,45.95
2016-03-31,ALL,1.13,13.04,8.7,11.84,3.24,0.4,47.59
2016-06-30,ALL,1.1,17.81,6.17,9.2,2.91,0.39,33.96
2016-09-30,ALL,1.09,15.98,6.81,9.36,3.69,0.36,37.73
2016-12-31,ALL,1.02,10.05,10.19,9.12,2.35,0.42,130.03
2017-03-31,ALL,1.02,9.86,10.32,9.1,2.94,0.37,58.3
2017-06-30,ALL,1.02,9.54,10.66,9.43,2.74,0.37,77.9
2017-09-30,ALL,1.01,9.59,10.52,8.2,3.2,0.34,70.44
2017-12-31,ALL,0.94,8.37,11.23,9.77,2.49,0.36,122.19
2018-03-31,ALL,0.94,8.6,10.9,9.2,3.11,0.32,67.49
2018-06-30,ALL,0.9,8.25,10.94,9.07,3.31,0.3,71.6
2018-09-30,ALL,0.9,8.83,10.23,8.59,3.44,0.28,149.59
2018-12-31,ALL,0.88,15.27,5.78,5.2,2.14,0.37,58.81
2019-03-31,ALL,0.88,14.71,5.97,5.47,2.82,0.29,439.49
2019-06-30,ALL,0.87,23.49,3.71,4.04,2.74,0.28,121.95
2019-09-30,ALL,0.85,14.39,5.92,5.3,2.69,0.28,177.41
2019-12-31,ALL,0.88,153.52,0.57,2.92,2.03,0.35,8.42
2008-12-31,ASE,4.86,89.09,5.45,13.15,1.7,0.53,42.87
2009-12-31,ASE,2.49,37.68,6.62,12.77,2.3,0.15,71.53
2010-03-31,ASE,2.62,37.95,6.9,11.77,2.71,0.13,76.47
2010-06-30,ASE,2.5,39.98,6.26,11.28,2.56,0.15,66.79
2010-09-30,ASE,2.48,32.53,7.62,12.02,1.64,0.18,130.85
2010-12-31,ASE,2.48,34.0,7.31,11.34,1.79,0.18,69.33
2011-03-31,ASE,2.39,31.18,7.67,11.53,2.17,0.14,71.53
2011-06-30,ASE,2.44,30.93,7.87,11.1,2.06,0.15,76.69
2011-09-30,ASE,2.19,30.81,7.11,11.27,2.48,0.13,81.45
2011-12-31,ASE,2.14,27.58,7.76,11.89,2.38,0.14,124.95
2012-03-31,ASE,2.28,27.28,8.34,11.96,2.69,0.13,113.66
2012-06-30,ASE,2.28,27.31,8.35,12.02,2.06,0.18,94.91
2012-09-30,ASE,2.31,28.49,8.1,11.69,2.32,0.13,93.85
2012-12-31,ASE,2.27,30.43,7.47,11.37,2.45,0.13,91.54
2013-03-31,ASE,2.18,33.76,6.47,10.94,2.86,0.11,94.64
2013-06-30,ASE,2.25,36.74,6.13,10.34,1.7,0.18,144.7
2013-09-30,ASE,2.32,38.97,5.95,9.82,2.33,0.12,90.73
2013-12-31,ASE,2.33,42.01,5.55,8.95,1.83,0.17,88.68
2014-03-31,ASE,2.3,42.95,5.35,8.59,2.12,0.16,83.99
2014-06-30,ASE,2.32,40.93,5.66,8.76,1.6,0.2,61.06
2014-09-30,ASE,2.3,40.25,5.7,9.04,1.91,0.17,65.45
2014-12-31,ASE,2.22,38.69,5.75,9.23,1.65,0.2,53.57
2015-03-31,ASE,2.35,37.61,6.24,9.62,1.58,0.19,57.9
2015-06-30,ASE,2.28,35.38,6.44,10.32,1.59,0.2,63.78
2015-09-30,ASE,2.23,32.71,6.81,10.62,1.85,0.18,54.24
2015-12-31,ASE,2.19,34.65,6.32,10.9,1.79,0.19,57.89
2016-03-31,ASE,2.23,34.64,6.43,10.51,1.56,0.2,65.9
2016-06-30,ASE,2.12,34.18,6.21,10.07,1.57,0.21,59.16
2016-09-30,ASE,2.15,35.63,6.02,9.58,1.76,0.19,77.85
2016-12-31,ASE,2.07,29.34,7.05,9.95,1.64,0.23,58.7
2017-03-31,ASE,2.21,28.28,7.81,10.17,1.64,0.2,53.45
2017-06-30,ASE,2.15,26.67,8.07,10.71,1.57,0.21,62.76
2017-09-30,ASE,2.09,26.6,7.85,10.91,1.88,0.17,56.61
2017-12-31,ASE,2.1,27.63,7.61,11.54,1.7,0.22,57.93
2018-03-31,ASE,2.07,27.1,7.63,11.47,1.94,0.19,57.28
2018-06-30,ASE,2.04,27.1,7.53,11.31,1.68,0.21,68.66
2018-09-30,ASE,2.06,24.03,8.59,11.73,1.86,0.2,54.9
2018-12-31,ASE,1.98,23.33,8.48,11.11,1.79,0.23,53.57
2019-03-31,ASE,1.97,21.1,9.33,11.63,1.74,0.28,59.48
2019-06-30,ASE,2.0,20.43,9.79,11.62,1.56,0.32,55.43
2019-09-30,ASE,1.88,18.65,10.06,11.91,1.5,0.34,68.57
2019-12-31,ASE,1.89,16.78,11.27,12.5,1.44,0.36,56.66
2008-12-31,ATD,0.6,2.03,29.82,7.12,1.15,0.76,-102.18
2009-12-31,ATD,0.6,84.25,0.71,1.05,1.07,0.74,1.69
2010-12-31,ATD,0.58,14.2,4.05,1.75,1.04,0.73,16.01
2011-12-31,ATD,0.49,2.49,19.59,4.7,1.13,0.76,65.87
2012-06-30,ATD,2.12,20.91,10.12,4.65,1.15,0.6,74.93
2012-09-30,ATD,2.09,32.96,6.34,3.23,1.24,0.51,-92.91
2012-12-31,ATD,1.92,17.09,11.24,5.02,1.25,0.55,-145.95
2013-03-31,ATD,1.97,23.32,8.44,4.4,1.31,0.48,122.27
2013-06-30,ATD,1.98,16.82,11.75,4.3,1.14,0.65,30.53
2013-09-30,ATD,1.81,9.98,18.13,6.66,1.4,0.47,44.8
2013-12-31,ATD,1.65,8.95,18.43,6.97,1.26,0.57,59.48
2014-03-31,ATD,1.65,7.99,20.62,7.29,1.43,0.46,62.73
2014-06-30,ATD,2.02,10.84,18.6,6.71,1.18,0.48,61.66
2014-09-30,ATD,1.96,16.55,11.83,5.07,1.23,0.46,76.03
2014-12-31,ATD,1.71,12.21,13.98,6.61,1.21,0.58,40.64
2015-03-31,ATD,1.75,14.94,11.71,5.64,1.3,0.47,274.92
2015-06-30,ATD,1.94,13.87,13.96,5.65,1.15,0.52,165.79
2015-09-30,ATD,1.81,10.55,17.12,5.34,1.1,0.69,61.14
2015-12-31,ATD,1.57,9.86,15.97,5.36,1.17,0.59,21.2
2016-03-31,ATD,1.63,10.68,15.27,5.17,1.27,0.45,42.25
2016-06-30,ATD,1.73,7.59,22.73,6.91,1.19,0.5,68.85
2016-09-30,ATD,1.65,8.12,20.26,7.89,1.21,0.52,571.55
2016-12-31,ATD,1.54,9.54,16.13,6.91,1.3,0.58,-35.29
2017-03-31,ATD,1.54,7.86,19.58,7.52,1.33,0.53,90.65
2017-06-30,ATD,1.79,13.67,13.06,4.54,1.15,0.59,84.68
2017-09-30,ATD,1.76,18.34,9.58,3.64,1.15,0.6,38.56
2017-12-31,ATD,1.42,7.93,17.91,6.79,1.13,0.73,13.66
2018-03-31,ATD,1.42,8.02,17.74,6.54,1.27,0.59,118.88
2018-06-30,ATD,1.63,7.48,21.75,6.83,1.14,0.61,99.82
2018-09-30,ATD,1.52,5.97,25.46,7.57,1.25,0.63,44.79
2018-12-31,ATD,1.37,9.47,14.47,5.9,1.28,0.6,-19.14
2019-03-31,ATD,1.35,8.4,16.03,6.33,1.24,0.62,69.93
2019-06-30,ATD,1.52,8.06,18.82,6.06,1.12,0.65,97.84
2019-09-30,ATD,1.55,14.91,10.39,4.52,1.15,0.61,-120.27
2019-12-31,ATD,1.31,8.33,15.71,6.79,1.37,0.59,69.0
2004-12-31,BCM,0.82,5.98,13.79,3.78,4.51,0.2,1345.0
2005-12-31,BCM,0.82,16.03,5.12,1.26,2.29,0.4,90.71
2006-03-31,BCM,0.87,,-2.35,-0.11,3.06,0.31,21.94
2006-06-30,BCM,0.91,,-1.64,-0.08,2.06,0.44,-1.93
2006-09-30,BCM,0.81,,-0.65,0.01,1.93,0.45,-3.52
2006-12-31,BCM,0.8,11.8,6.81,2.4,2.55,0.34,34.56
2007-03-31,BCM,0.79,5.51,14.31,3.5,1.38,0.66,12.99
2007-06-30,BCM,0.84,7.61,11.02,2.6,3.25,0.28,32.88
2007-09-30,BCM,0.8,11.47,6.94,1.59,1.71,0.53,-30.46
2007-12-31,BCM,0.76,7.65,9.97,2.24,1.92,0.46,86.66
2008-03-31,BCM,0.73,5.9,12.33,2.26,1.7,0.54,-112.15
2008-06-30,BCM,0.77,6.33,12.21,2.23,3.48,0.26,132.76
2008-09-30,BCM,0.76,9.99,7.64,1.64,2.46,0.36,13.87
2008-12-31,BCM,0.77,32.59,2.37,0.84,3.27,0.27,6.97
2009-03-31,BCM,0.84,,-12.05,-2.85,5.13,0.18,122.3
2009-06-30,BCM,0.89,,-12.16,-4.3,2.94,0.27,-39.55
2009-09-30,BCM,0.84,,-7.6,-1.72,1.81,0.47,-34.97
2009-12-31,BCM,0.91,,-15.18,-3.51,2.91,0.26,-93.93
2010-03-31,BCM,0.93,,-7.05,-1.64,2.52,0.3,1549.43
2010-06-30,BCM,1.01,,-13.28,-2.01,1.82,0.38,-35.3
2010-09-30,BCM,0.97,,-15.89,-3.02,1.73,0.44,-473.16
2010-12-31,BCM,1.06,,-16.57,-3.27,2.09,0.33,2163.28
2011-03-31,BCM,1.03,,-11.52,-2.05,2.36,0.3,1411.43
2011-06-30,BCM,1.03,,-1.21,0.35,2.28,0.3,50.0
2011-09-30,BCM,0.94,32.89,2.87,1.6,1.93,0.41,6.95
2011-12-31,BCM,0.97,10.89,8.86,2.97,2.55,0.3,36.71
2012-03-31,BCM,0.95,11.6,8.17,2.91,3.37,0.22,25.79
2012-06-30,BCM,1.03,15.4,6.68,1.94,2.2,0.33,58.74
2012-09-30,BCM,0.99,52.04,1.9,0.66,1.65,0.49,-77.27
2012-12-31,BCM,0.94,10.38,9.05,2.72,2.25,0.37,26.48
2013-03-31,BCM,0.93,11.7,7.97,2.34,3.07,0.29,-69.47
2013-06-30,BCM,0.96,6.46,14.78,3.01,1.43,0.63,76.72
2013-09-30,BCM,0.9,5.41,16.59,3.29,3.18,0.29,33.45
2013-12-31,BCM,0.89,7.4,12.07,2.57,3.71,0.25,43.71
2014-03-31,BCM,0.88,7.2,12.28,2.5,3.04,0.3,24.1
2014-06-30,BCM,0.95,8.35,11.38,2.62,1.98,0.43,61.44
2014-09-30,BCM,0.89,7.72,11.46,2.85,2.59,0.34,-40.53
2014-12-31,BCM,0.91,10.39,8.74,2.05,2.34,0.43,-39.74
2015-03-31,BCM,0.89,9.79,9.12,2.15,2.4,0.41,347.5
2015-06-30,BCM,0.94,10.11,9.28,2.06,2.46,0.4,59.38
2015-09-30,BCM,0.89,12.07,7.35,1.62,1.65,0.56,8.36
2015-12-31,BCM,0.89,9.71,9.21,2.08,2.14,0.41,69.26
2016-03-31,BCM,0.89,11.07,8.04,1.69,2.47,0.36,22.43
2016-06-30,BCM,0.94,11.03,8.51,1.73,1.71,0.47,63.78
2016-09-30,BCM,0.89,11.96,7.47,1.42,2.45,0.35,-50.19
2016-12-31,BCM,0.95,41.44,2.29,0.48,3.11,0.25,11.88
2017-03-31,BCM,0.94,27.43,3.41,0.72,1.8,0.46,-9.92
2017-06-30,BCM,0.92,29.89,3.06,0.48,2.17,0.37,26.35
2017-09-30,BCM,0.86,21.32,4.05,0.77,1.76,0.51,11.98
2017-12-31,BCM,0.84,6.92,12.14,2.06,2.37,0.35,32.87
2018-03-31,BCM,0.84,7.97,10.55,1.86,2.1,0.37,21.73
2018-06-30,BCM,0.92,12.71,7.25,1.38,1.85,0.42,18.57
2018-09-30,BCM,0.9,29.94,3.01,0.81,1.62,0.47,-17.78
2018-12-31,BCM,0.86,15.65,5.47,1.55,2.12,0.34,33.93
2019-03-31,BCM,0.85,14.88,5.74,1.75,1.92,0.38,20.71
2019-06-30,BCM,0.91,21.17,4.3,1.26,1.52,0.5,14.49
2019-09-30,BCM,0.92,110.6,0.83,0.43,8.68,0.09,9.37
2004-12-31,CMP,3.44,,-9.18,11.14,1.49,0.54,21.53
2005-12-31,CMP,2.01,17.76,11.33,12.55,3.66,0.34,-1118.05
2006-03-31,CMP,1.64,21.1,7.76,10.38,3.57,0.34,97.3
2006-06-30,CMP,2.0,24.96,8.0,9.15,2.97,0.38,89.66
2006-09-30,CMP,1.9,20.95,9.04,11.8,3.03,0.37,114.16
2006-12-31,CMP,1.72,11.94,14.42,13.42,2.25,0.46,53.21
2007-03-31,CMP,1.69,10.6,15.97,14.49,2.92,0.43,133.54
2007-06-30,CMP,1.18,12.21,9.63,15.05,2.43,0.27,164.41
2007-09-30,CMP,1.15,11.84,9.73,14.85,2.7,0.23,133.6
2007-12-31,CMP,0.93,11.57,8.04,14.68,1.7,0.31,167.39
2008-03-31,CMP,0.93,13.03,7.16,10.59,2.38,0.19,68.15
2008-06-30,CMP,0.93,12.71,7.33,8.55,2.48,0.18,146.05
2008-09-30,CMP,0.94,15.3,6.13,6.08,2.42,0.17,90.61
2008-12-31,CMP,0.9,16.23,5.53,5.64,1.59,0.32,91.83
2009-03-31,CMP,0.89,14.29,6.26,6.2,2.14,0.21,53.09
2009-06-30,CMP,0.88,14.21,6.16,6.33,2.47,0.16,70.15
2009-09-30,CMP,0.87,12.76,6.79,7.54,2.0,0.18,73.98
2009-12-31,CMP,0.83,13.66,6.09,9.22,1.77,0.2,44.72
2010-03-31,CMP,0.82,11.91,6.89,8.79,2.43,0.14,175.96
2010-06-30,CMP,0.88,11.65,7.56,8.96,1.89,0.22,64.28
2010-09-30,CMP,0.88,13.52,6.53,7.26,1.9,0.2,80.77
2010-12-31,CMP,0.83,10.87,7.66,9.05,1.52,0.28,-699.31
2011-03-31,CMP,0.81,10.49,7.77,10.83,1.82,0.22,437.19
2011-06-30,CMP,0.92,8.15,11.31,11.61,1.97,0.32,2227.31
2011-09-30,CMP,0.92,7.95,11.58,12.1,1.85,0.32,663.1
2011-12-31,CMP,0.91,11.97,7.57,8.05,1.59,0.35,74.15
2012-03-31,CMP,0.9,13.4,6.73,7.82,1.71,0.3,63.25
2012-06-30,CMP,0.92,45.36,2.03,4.26,1.57,0.33,27.55
2012-09-30,CMP,0.94,,-2.23,-0.27,1.37,0.35,-26.85
2012-12-31,CMP,0.92,,-3.14,0.09,1.3,0.36,-40.74
2013-03-31,CMP,0.88,147.45,0.6,4.27,1.49,0.32,6.01
2013-06-30,CMP,0.87,27.39,3.17,6.41,1.47,0.33,19.96
2013-09-30,CMP,0.89,11.32,7.83,10.22,1.34,0.34,51.77
2013-12-31,CMP,0.86,10.78,8.0,9.45,1.3,0.36,65.68
2014-03-31,CMP,0.85,14.96,5.66,7.66,1.21,0.38,64.63
2014-06-30,CMP,0.83,11.52,7.18,8.72,1.06,0.42,67.47
2014-09-30,CMP,0.84,11.03,7.61,8.55,1.16,0.42,73.92
2014-12-31,CMP,0.82,15.74,5.21,8.42,1.13,0.45,232.69
2015-03-31,CMP,0.8,15.01,5.35,8.45,1.17,0.42,501.16
2015-06-30,CMP,0.8,17.17,4.67,7.58,1.58,0.43,-216.46
2015-09-30,CMP,0.82,19.4,4.23,7.06,1.49,0.44,-73.53
2015-12-31,CMP,0.8,14.1,5.7,5.76,1.37,0.47,31.76
2016-03-31,CMP,0.81,27.7,2.93,3.99,1.56,0.4,65.4
2016-06-30,CMP,0.81,43.86,1.84,3.95,1.02,0.42,19.94
2016-09-30,CMP,0.81,142.98,0.57,3.33,1.21,0.43,4.43
2016-12-31,CMP,0.81,,-1.53,3.24,1.15,0.46,-29.09
2017-03-31,CMP,0.82,,-0.81,3.58,1.18,0.45,-3.53
2017-06-30,CMP,0.81,,-0.58,3.92,1.03,0.43,-6.94
2017-09-30,CMP,0.81,311.71,0.26,3.83,1.09,0.43,2.95
2017-12-31,CMP,0.82,682.06,0.12,4.22,1.09,0.47,3.23
2018-03-31,CMP,0.82,166.8,0.49,4.59,1.16,0.46,-20.01
2018-06-30,CMP,0.73,6.62,10.96,6.43,1.36,0.41,594.28
2018-09-30,CMP,0.72,6.16,11.7,7.73,1.29,0.43,-587.93
2018-12-31,CMP,0.72,6.06,11.9,6.25,1.19,0.46,2777.52
2019-03-31,CMP,0.72,6.31,11.41,6.07,1.22,0.42,622.02
2019-06-30,CMP,0.72,64.47,1.11,5.18,1.1,0.44,208.55
2019-09-30,CMP,0.71,34.54,2.04,5.73,1.1,0.46,243.73
2019-12-31,CMP,0.69,18.53,3.74,6.69,1.08,0.5,248.33
2004-12-31,CMR,11.75,122.32,9.6,4.92,1.7,0.51,90.73
2005-03-31,CMR,11.6,154.37,7.51,3.93,1.83,0.49,-649.21
2005-06-30,CMR,10.93,93.48,11.7,3.59,1.53,0.55,2403.88
2005-09-30,CMR,10.41,67.49,15.43,5.18,1.96,0.46,92.46
2005-12-31,CMR,9.46,49.59,19.08,6.16,1.58,0.53,57.6
2006-03-31,CMR,7.47,35.64,20.95,7.58,1.9,0.35,100.42
2006-06-30,CMR,7.13,36.23,19.69,9.11,2.05,0.33,159.72
2006-09-30,CMR,6.89,35.2,19.57,8.54,2.02,0.36,152.98
2006-12-31,CMR,6.2,28.5,21.77,9.27,1.75,0.44,175.33
2007-03-31,CMR,5.94,31.75,18.71,9.09,2.08,0.38,87.76
2007-06-30,CMR,6.1,33.52,18.2,7.89,1.7,0.47,67.04
2007-09-30,CMR,5.93,33.48,17.72,7.81,2.01,0.42,122.22
2007-12-31,CMR,5.56,37.23,14.93,7.57,1.85,0.46,109.15
2008-03-31,CMR,3.52,8.04,43.73,6.87,3.98,0.33,542.35
2008-06-30,CMR,3.55,8.61,41.2,6.0,3.76,0.35,319.02
2008-09-30,CMR,3.53,8.88,39.75,4.65,3.98,0.35,249.79
2008-12-31,CMR,3.21,8.0,40.13,6.55,2.29,0.42,369.7
2009-03-31,CMR,3.17,51.15,6.2,4.59,2.42,0.39,26.38
2009-06-30,CMR,3.18,49.85,6.39,2.28,2.55,0.38,39.43
2009-09-30,CMR,3.13,36.47,8.59,3.06,2.66,0.36,53.67
2009-12-31,CMR,2.96,49.28,6.01,3.33,2.38,0.38,37.11
2010-03-31,CMR,3.0,45.95,6.52,3.78,2.42,0.37,120.86
2010-06-30,CMR,3.0,36.05,8.33,5.17,2.35,0.38,94.71
2010-09-30,CMR,2.96,40.88,7.23,5.32,2.51,0.37,88.91
2010-12-31,CMR,2.8,36.84,7.6,4.99,2.21,0.4,125.84
2011-03-31,CMR,2.81,37.47,7.49,4.42,2.25,0.39,56.77
2011-06-30,CMR,2.94,87.36,3.36,2.51,2.09,0.38,69.29
2011-09-30,CMR,2.87,58.57,4.91,4.39,1.94,0.39,89.18
2011-12-31,CMR,2.68,42.98,6.24,5.05,1.98,0.4,64.21
2012-03-31,CMR,2.66,37.15,7.16,5.34,2.16,0.37,84.22
2012-06-30,CMR,2.69,23.07,11.68,8.21,2.14,0.37,78.93
2012-09-30,CMR,2.71,31.1,8.7,4.83,2.27,0.36,60.77
2012-12-31,CMR,2.59,39.6,6.54,3.48,1.6,0.46,60.55
2013-03-31,CMR,2.58,43.47,5.93,4.02,1.71,0.44,58.44
2013-06-30,CMR,2.64,52.3,5.05,3.18,1.67,0.44,65.48
2013-09-30,CMR,2.64,49.68,5.32,3.22,1.83,0.43,38.56
2013-12-31,CMR,2.57,64.22,4.0,3.67,1.77,0.44,24.01
2014-03-31,CMR,2.57,55.83,4.6,4.25,1.85,0.42,25.11
2014-06-30,CMR,2.59,45.1,5.73,5.36,1.78,0.42,25.88
2014-09-30,CMR,2.5,28.39,8.8,8.93,1.82,0.42,66.8
2014-12-31,CMR,2.36,23.94,9.86,9.49,1.88,0.42,43.14
2015-03-31,CMR,2.31,20.02,11.51,10.2,1.95,0.41,66.01
2015-06-30,CMR,2.25,18.01,12.48,10.95,2.14,0.37,78.52
2015-09-30,CMR,2.25,23.47,9.58,8.55,2.02,0.37,46.84
2015-12-31,CMR,2.12,20.42,10.38,9.99,1.88,0.4,68.07
2016-03-31,CMR,2.1,23.9,8.78,9.43,2.01,0.38,49.23
2016-06-30,CMR,2.06,28.73,7.17,9.09,2.13,0.37,45.67
2016-09-30,CMR,2.06,25.22,8.15,9.62,2.22,0.36,49.96
2016-12-31,CMR,1.92,22.27,8.62,10.5,2.0,0.4,77.72
2017-03-31,CMR,1.93,23.02,8.39,8.39,1.99,0.41,49.45
2017-06-30,CMR,1.95,22.89,8.5,7.12,1.98,0.41,60.29
2017-09-30,CMR,1.95,27.47,7.1,6.59,2.1,0.4,62.73
2017-12-31,CMR,1.89,38.7,4.87,3.24,2.0,0.41,66.81
2018-03-31,CMR,1.96,52.51,3.73,4.21,1.77,0.45,253.16
2018-06-30,CMR,1.95,45.75,4.26,6.18,1.72,0.46,217.83
2018-09-30,CMR,1.91,28.4,6.73,7.3,1.83,0.43,111.0
2018-12-31,CMR,1.9,53.13,3.57,6.39,1.64,0.47,21.95
2019-03-31,CMR,1.88,37.13,5.06,7.51,1.58,0.5,21.13
2019-06-30,CMR,1.87,30.41,6.14,6.89,1.62,0.48,24.86
2019-09-30,CMR,1.77,20.9,8.45,9.56,1.78,0.45,39.65
2019-12-31,CMR,1.69,14.07,12.0,10.75,1.71,0.47,68.02
2011-12-31,DAT,215.78,,-104.94,-461.67,0.41,0.58,788.57
2012-12-31,DAT,57.98,204.09,28.41,30.9,3.55,0.19,-93.43
2013-03-31,DAT,45.59,490.72,9.29,9.96,3.67,0.21,-21.79
2013-06-30,DAT,31.05,,-3.0,-6.0,11.75,0.08,6.7
2013-09-30,DAT,35.48,,-14.52,-16.81,6.9,0.11,43.69
2013-12-31,DAT,53.14,,-90.32,-89.94,3.0,0.17,116.71
2014-03-31,DAT,25.82,,-61.74,-161.31,10.84,0.09,132.36
2014-06-30,DAT,34.0,,-83.15,-190.93,8.86,0.1,119.52
2014-09-30,DAT,53.84,,-170.54,-327.38,2.8,0.27,113.07
2014-12-31,DAT,24.27,,-88.45,-487.85,6.55,0.14,108.83
2015-03-31,DAT,43.45,,-183.55,-626.14,3.72,0.22,108.51
2015-06-30,DAT,17.36,,-73.22,-1275.66,15.43,0.07,111.5
2015-09-30,DAT,5.3,,-22.03,-826.61,38.97,0.03,99.35
2015-12-31,DAT,5.75,,-27.71,-599.19,32.03,0.03,98.36
2016-03-31,DAT,6.06,,-28.33,-486.4,28.32,0.03,92.14
2016-06-30,DAT,6.8,,-36.76,-593.7,25.05,0.04,90.64
2016-09-30,DAT,7.42,,-39.88,-652.86,25.21,0.04,88.5
2016-12-31,DAT,8.43,,-46.91,-454.09,15.81,0.06,92.33
2017-03-31,DAT,9.68,,-60.74,-535.82,16.13,0.06,93.82
2017-06-30,DAT,11.48,,-69.12,-388.53,13.07,0.07,97.54
2017-09-30,DAT,14.32,,-93.31,-421.12,9.21,0.09,92.46
2017-12-31,DAT,7.22,,-48.35,-517.86,11.66,0.08,102.43
2018-03-31,DAT,8.64,,-63.87,-536.4,10.8,0.08,105.3
2018-06-30,DAT,10.21,,-77.97,-513.56,7.94,0.1,94.85
2018-09-30,DAT,13.28,,-129.03,-745.99,4.37,0.16,126.53
2018-12-31,DAT,17.03,,-171.64,-800.87,4.0,0.14,117.32
2019-03-31,DAT,13.09,,-98.12,-897.84,8.12,0.09,133.69
2019-06-30,DAT,16.45,,-133.09,-1043.5,5.37,0.12,154.43
2019-09-30,DAT,21.29,,-151.58,-552.9,2.7,0.19,131.34
2019-12-31,DAT,9.67,,-52.68,-314.69,6.3,0.12,101.56
2004-12-31,ELZ,1.96,84.43,2.33,7.63,1.6,0.34,-8.71
2005-12-31,ELZ,1.94,16.12,12.04,8.7,2.36,0.23,83.56
2006-03-31,ELZ,1.86,15.05,12.37,9.51,2.02,0.3,62.33
2006-06-30,ELZ,2.08,13.61,15.31,11.18,1.73,0.35,125.44
2006-09-30,ELZ,1.97,11.2,17.61,13.07,1.95,0.32,98.68
2006-12-31,ELZ,1.92,12.01,16.0,12.37,2.04,0.28,61.11
2007-03-31,ELZ,1.83,11.81,15.52,12.43,2.25,0.26,65.52
2007-06-30,ELZ,1.94,11.02,17.64,12.73,1.6,0.39,61.07
2007-09-30,ELZ,1.84,10.8,17.07,13.5,1.88,0.35,60.17
2007-12-31,ELZ,1.78,9.84,18.07,14.97,2.16,0.32,79.47
2008-03-31,ELZ,1.74,9.98,17.45,15.2,2.98,0.31,89.75
2008-06-30,ELZ,2.05,307.37,0.67,14.18,3.09,0.33,3.23
2008-09-30,ELZ,1.95,,-0.13,13.38,3.25,0.32,-0.6
2008-12-31,ELZ,1.88,,-0.55,12.72,3.14,0.32,-2.44
2009-03-31,ELZ,1.82,,-1.54,11.86,3.26,0.33,-7.62
2009-06-30,ELZ,1.79,13.25,13.49,10.96,3.67,0.3,90.66
2009-09-30,ELZ,1.76,14.24,12.35,10.28,3.71,0.3,99.92
2009-12-31,ELZ,1.73,16.24,10.65,9.28,3.69,0.29,87.18
2010-03-31,ELZ,1.69,17.23,9.82,8.61,3.74,0.29,76.72
2010-06-30,ELZ,1.64,16.8,9.79,8.89,3.83,0.28,61.34
2010-09-30,ELZ,1.61,18.85,8.54,7.97,3.9,0.28,64.11
2010-12-31,ELZ,1.68,68.34,2.47,4.4,3.13,0.31,18.18
2011-03-31,ELZ,1.59,28.12,5.65,6.52,2.51,0.36,71.77
2011-06-30,ELZ,1.55,28.77,5.39,3.64,3.2,0.29,122.42
2011-09-30,ELZ,1.57,68.14,2.3,1.56,3.33,0.29,19.7
2011-12-31,ELZ,1.6,31.81,5.02,2.74,2.84,0.31,41.98
2012-03-31,ELZ,1.59,,-0.09,-0.91,2.76,0.32,-0.41
2012-06-30,ELZ,1.56,,-0.99,0.67,2.59,0.29,-3.54
2012-09-30,ELZ,1.56,959.5,0.16,3.98,2.97,0.25,0.65
2012-12-31,ELZ,1.5,24.02,6.23,7.58,2.74,0.27,22.48
2013-03-31,ELZ,1.3,7.18,18.12,15.23,2.7,0.29,57.02
2013-06-30,ELZ,1.26,6.55,19.27,15.81,2.91,0.27,52.58
2013-09-30,ELZ,1.28,5.58,22.96,15.16,2.49,0.31,65.71
2013-12-31,ELZ,1.23,5.49,22.4,13.88,1.94,0.41,63.86
2014-03-31,ELZ,1.09,5.43,20.13,12.72,1.71,0.49,48.65
2014-06-30,ELZ,1.0,4.07,24.6,13.38,1.72,0.5,45.88
2014-09-30,ELZ,0.93,3.44,27.13,13.32,2.18,0.38,61.19
2014-12-31,ELZ,0.87,2.95,29.4,14.92,1.06,0.49,99.17
2015-03-31,ELZ,0.82,3.29,24.91,15.14,1.23,0.37,-248.39
2015-06-30,ELZ,0.94,3.95,23.79,15.13,1.44,0.51,-62.2
2015-09-30,ELZ,0.92,4.79,19.13,15.6,1.34,0.5,-63.59
2015-12-31,ELZ,0.9,6.5,13.78,13.56,1.37,0.5,-77.58
2016-03-31,ELZ,0.89,10.49,8.47,10.63,1.41,0.49,92.37
2016-06-30,ELZ,0.97,13.28,7.3,9.46,1.23,0.52,25.02
2016-09-30,ELZ,0.98,23.83,4.1,8.05,1.18,0.53,15.39
2016-12-31,ELZ,0.89,8.24,10.75,13.0,1.19,0.52,45.87
2017-03-31,ELZ,0.91,11.86,7.66,10.61,1.16,0.53,34.68
2017-06-30,ELZ,0.89,10.37,8.55,11.41,0.83,0.53,44.98
2017-09-30,ELZ,0.89,10.24,8.7,10.58,0.85,0.53,114.22
2017-12-31,ELZ,0.81,36.06,2.25,11.46,0.81,0.52,29.11
2018-03-31,ELZ,0.82,22.59,3.62,11.55,0.91,0.53,33.02
2018-06-30,ELZ,0.77,10.41,7.4,9.0,1.13,0.5,669.74
2018-09-30,ELZ,0.78,13.16,5.96,9.2,1.21,0.53,44.4
2018-12-31,ELZ,0.84,,-3.49,0.64,1.3,0.58,-71.26
2019-03-31,ELZ,0.88,,-7.57,-1.9,1.17,0.61,-720.45
2019-06-30,ELZ,0.85,,-10.88,0.1,1.3,0.6,-1335.1
2019-09-30,ELZ,0.85,,-8.31,0.62,1.23,0.61,118.83
2019-12-31,ELZ,0.84,,-0.2,7.17,1.08,0.58,-3.99
2007-12-31,IFI,9.56,47.18,20.25,4.21,2.14,0.43,394.44
2008-03-31,IFI,8.21,35.19,23.34,5.52,1.92,0.47,-58.48
2008-06-30,IFI,2.47,21.99,11.25,9.39,6.94,0.14,129.31
2008-09-30,IFI,2.43,22.98,10.56,8.06,6.71,0.14,103.21
2008-12-31,IFI,2.66,125.38,2.12,-0.72,7.12,0.13,119.58
2009-03-31,IFI,3.27,,-23.39,-16.13,7.12,0.13,351.38
2009-06-30,IFI,3.42,,-38.91,-26.49,6.91,0.13,68.21
2009-09-30,IFI,5.1,,-70.12,-35.95,5.56,0.16,161.3
2009-12-31,IFI,5.51,,-64.24,-34.25,4.11,0.22,215.6
2010-03-31,IFI,5.67,,-31.96,-17.32,4.65,0.2,279.21
2010-06-30,IFI,6.01,,-29.34,-17.16,4.31,0.21,-71.5
2010-09-30,IFI,5.95,,-18.57,-11.63,4.93,0.19,296.02
2010-12-31,IFI,5.94,,-8.78,-5.61,4.66,0.19,99.06
2011-03-31,IFI,5.68,,-0.77,-1.74,4.73,0.18,9.86
2011-06-30,IFI,5.63,91.62,6.15,1.97,4.35,0.19,128.57
2011-09-30,IFI,5.15,37.75,13.65,5.94,4.96,0.17,186.23
2011-12-31,IFI,4.98,31.12,16.0,7.02,4.98,0.17,145.05
2012-03-31,IFI,4.72,30.07,15.69,7.15,4.68,0.18,173.9
2012-06-30,IFI,5.07,30.33,16.71,6.64,4.47,0.19,1910.81
2012-09-30,IFI,4.98,50.21,9.92,3.28,4.45,0.19,-1154.05
2012-12-31,IFI,4.84,51.79,9.34,2.72,4.41,0.19,41.65
2013-03-31,IFI,4.38,33.4,13.12,5.17,4.97,0.18,46.72
2013-06-30,IFI,4.55,31.53,14.44,5.83,4.86,0.18,40.4
2013-09-30,IFI,4.42,28.55,15.47,7.05,5.49,0.15,45.35
2013-12-31,IFI,4.35,31.21,13.94,7.42,5.34,0.16,97.17
2014-03-31,IFI,4.28,60.91,7.03,3.67,4.96,0.17,62.3
2014-06-30,IFI,4.55,49.4,9.21,4.7,3.8,0.22,88.93
2014-09-30,IFI,4.34,42.12,10.31,5.24,4.93,0.16,74.42
2014-12-31,IFI,4.0,24.84,16.12,8.03,4.23,0.19,67.47
2015-03-31,IFI,4.11,33.61,12.23,5.73,4.1,0.2,46.54
2015-06-30,IFI,4.42,33.5,13.18,5.74,4.3,0.18,46.55
2015-09-30,IFI,4.19,31.25,13.39,6.35,4.26,0.19,45.79
2015-12-31,IFI,4.16,70.99,5.85,3.38,4.48,0.19,24.08
2016-03-31,IFI,3.91,27.56,14.17,8.22,4.62,0.19,54.37
2016-06-30,IFI,3.83,23.03,16.62,9.62,4.43,0.19,58.92
2016-09-30,IFI,3.56,19.91,17.9,10.87,4.32,0.2,71.99
2016-12-31,IFI,3.24,13.03,24.85,15.41,5.23,0.17,89.06
2017-03-31,IFI,3.04,12.24,24.81,15.85,5.4,0.16,76.36
2017-06-30,IFI,3.04,10.88,27.9,17.08,5.25,0.17,84.01
2017-09-30,IFI,2.84,10.5,27.05,16.86,5.4,0.16,75.42
2017-12-31,IFI,2.86,12.46,22.92,13.66,4.75,0.19,69.93
2018-03-31,IFI,2.9,14.29,20.26,11.27,4.91,0.18,70.52
2018-06-30,IFI,2.87,15.79,18.21,9.7,4.67,0.19,55.32
2018-09-30,IFI,2.77,17.57,15.76,8.39,4.66,0.19,61.15
2018-12-31,IFI,2.67,15.89,16.81,9.02,4.56,0.19,66.32
2019-03-31,IFI,2.54,12.34,20.58,11.14,4.57,0.2,80.83
2019-06-30,IFI,2.48,11.77,21.08,11.32,4.81,0.19,82.22
2019-09-30,IFI,2.4,10.65,22.56,11.93,4.97,0.18,83.67
2019-12-31,IFI,2.45,10.01,24.45,12.38,4.78,0.19,81.22
2006-12-31,LSI,7.13,50.22,14.19,15.41,0.73,0.4,23.47
2007-03-31,LSI,3.11,50.95,6.1,18.73,2.38,0.22,36.62
2007-06-30,LSI,3.04,52.82,5.76,16.1,2.3,0.23,35.76
2007-09-30,LSI,2.97,33.79,8.79,18.05,2.29,0.36,66.71
2007-12-31,LSI,2.89,31.61,9.14,15.51,2.0,0.39,1089.86
2008-03-31,LSI,2.81,28.38,9.92,15.23,2.13,0.37,-211.22
2008-06-30,LSI,2.7,27.82,9.7,15.43,2.75,0.29,158.55
2008-09-30,LSI,2.64,27.82,9.5,14.85,2.87,0.29,170.61
2008-12-31,LSI,3.41,,-19.57,-9.9,1.1,0.39,-145.27
2009-03-31,LSI,3.43,,-23.25,-10.43,1.06,0.41,-78.96
2009-06-30,LSI,3.36,,-23.82,-13.11,1.15,0.38,-115.47
2009-09-30,LSI,3.29,,-23.66,-13.56,1.32,0.36,-106.1
2009-12-31,LSI,3.23,62.32,5.19,6.64,1.59,0.32,21.71
2010-03-31,LSI,3.17,41.91,7.57,6.1,2.21,0.31,49.0
2010-06-30,LSI,3.12,43.95,7.1,7.13,2.17,0.31,39.06
2010-09-30,LSI,3.06,44.77,6.84,7.8,2.33,0.31,40.05
2010-12-31,LSI,2.96,34.93,8.47,9.27,2.06,0.32,100.56
2011-03-31,LSI,2.9,33.83,8.57,9.52,2.35,0.29,55.7
2011-06-30,LSI,2.85,32.13,8.86,8.97,2.27,0.29,66.82
2011-09-30,LSI,2.77,31.24,8.88,8.99,2.18,0.29,45.01
2011-12-31,LSI,2.76,44.33,6.23,6.08,2.36,0.27,30.85
2012-03-31,LSI,2.67,35.74,7.47,6.96,2.38,0.27,47.74
2012-06-30,LSI,2.62,35.57,7.38,6.85,2.33,0.27,37.06
2012-09-30,LSI,2.6,39.99,6.5,5.77,1.76,0.32,26.64
2012-12-31,LSI,2.61,35.17,7.43,5.26,1.7,0.32,24.46
2013-03-31,LSI,2.58,45.09,5.71,4.01,1.62,0.33,19.19
2013-06-30,LSI,2.46,28.86,8.52,5.58,1.72,0.31,32.66
2013-09-30,LSI,2.4,24.22,9.92,6.61,1.61,0.33,50.14
2013-12-31,LSI,2.38,24.79,9.58,8.47,1.52,0.34,38.52
2014-03-31,LSI,2.22,21.59,10.27,9.58,1.81,0.28,53.2
2014-06-30,LSI,2.24,24.87,9.02,9.92,1.65,0.3,63.32
2014-09-30,LSI,2.22,29.75,7.47,9.9,1.7,0.28,61.87
2014-12-31,LSI,2.5,,-6.43,3.24,1.48,0.3,-111.31
2015-03-31,LSI,2.42,,-5.93,3.15,1.55,0.28,-39.7
2015-06-30,LSI,2.28,,-2.84,5.47,1.54,0.27,-11.59
2015-09-30,LSI,2.25,,-2.1,5.23,1.7,0.26,-8.32
2015-12-31,LSI,2.11,13.65,15.48,15.23,1.78,0.28,45.97
2016-03-31,LSI,2.03,12.49,16.22,15.9,1.81,0.23,61.85
2016-06-30,LSI,1.98,13.35,14.86,15.15,1.8,0.25,72.52
2016-09-30,LSI,1.87,10.28,18.23,17.98,1.86,0.23,64.03
2016-12-31,LSI,1.81,11.2,16.13,16.92,1.79,0.26,132.24
2017-03-31,LSI,1.73,10.84,16.0,16.97,1.36,0.33,124.25
2017-06-30,LSI,1.66,10.07,16.45,15.62,1.73,0.28,76.79
2017-09-30,LSI,1.59,10.55,15.08,14.09,1.72,0.29,97.95
2017-12-31,LSI,1.57,10.03,15.7,12.04,1.7,0.27,66.81
2018-03-31,LSI,1.5,9.23,16.26,12.44,2.09,0.23,58.29
2018-06-30,LSI,1.64,8.63,19.04,13.33,2.13,0.25,86.87
2018-09-30,LSI,1.59,8.38,19.0,13.89,2.09,0.26,88.32
2018-12-31,LSI,1.54,8.33,18.47,13.93,2.15,0.26,65.92
2019-03-31,LSI,1.46,8.06,18.09,13.36,2.76,0.22,64.32
2019-06-30,LSI,1.49,9.31,15.99,11.63,2.25,0.29,68.4
2019-09-30,LSI,1.4,8.31,16.88,12.13,2.59,0.26,98.83
2010-12-31,LVC,2338.96,,,,1.28,0.5,
2011-12-31,LVC,497.65,585.72,84.96,57.43,4.4,0.2,102.31
2012-12-31,LVC,200.05,247.9,80.7,63.36,5.69,0.15,91.87
2013-09-30,LVC,178.64,171.1,104.4,62.68,4.46,0.18,98.74
2013-12-31,LVC,131.02,144.68,90.56,63.69,4.47,0.17,87.07
2014-03-31,LVC,99.87,127.08,78.59,64.74,4.94,0.16,82.62
2014-06-30,LVC,161.83,109.54,147.73,63.63,2.76,0.25,88.18
2014-09-30,LVC,99.5,89.0,111.8,68.04,7.83,0.1,99.07
2014-12-31,LVC,71.1,75.63,94.01,70.19,11.23,0.07,104.02
2015-03-31,LVC,54.68,66.44,82.3,69.75,14.0,0.06,107.66
2015-06-30,LVC,99.06,58.99,167.92,69.51,5.21,0.14,104.17
2015-09-30,LVC,65.17,54.8,118.93,67.27,6.3,0.13,93.01
2015-12-31,LVC,47.53,49.99,95.08,65.9,10.41,0.08,98.57
2016-03-31,LVC,36.32,44.88,80.94,66.14,12.65,0.07,98.24
2016-06-30,LVC,68.14,41.04,166.03,66.65,5.64,0.13,100.26
2016-09-30,LVC,42.98,35.99,119.4,68.39,9.09,0.09,105.78
2016-12-31,LVC,31.43,32.7,96.12,69.96,13.69,0.06,99.33
2017-03-31,LVC,25.2,31.25,80.63,68.73,20.25,0.04,101.55
2017-06-30,LVC,44.7,29.74,150.28,70.23,8.88,0.08,101.14
2017-09-30,LVC,32.06,29.52,108.6,68.6,9.86,0.08,96.98
2017-12-31,LVC,31.02,29.05,106.79,68.62,10.91,0.07,100.26
2018-03-31,LVC,23.6,27.27,86.54,69.88,12.18,0.07,98.53
2018-06-30,LVC,35.7,26.21,136.21,67.85,6.82,0.1,98.08
2018-09-30,LVC,26.39,25.58,103.18,66.1,6.48,0.11,93.77
2018-12-31,LVC,25.82,24.51,105.37,64.75,5.99,0.12,93.59
2019-03-31,LVC,20.29,24.3,83.49,62.62,9.19,0.08,95.84
2019-06-30,LVC,28.54,23.38,122.07,62.07,5.87,0.15,93.57
2019-09-30,LVC,21.65,22.6,95.81,61.99,9.14,0.12,93.76
2006-12-31,NTT,0.42,6.01,6.92,1.23,1.3,0.6,28.07
2007-03-31,NTT,0.41,5.39,7.64,1.27,1.22,0.67,83.36
2007-06-30,NTT,0.38,2.87,13.37,1.71,1.2,0.7,41.1
2007-09-30,NTT,0.25,4.37,5.77,0.9,1.95,0.4,-42.26
2007-12-31,NTT,0.24,3.49,6.8,0.11,1.53,0.53,-24.97
2008-03-31,NTT,0.24,3.19,7.54,-0.07,1.71,0.45,-59.03
2008-06-30,NTT,0.23,4.18,5.52,0.06,1.68,0.48,-26.62
2008-09-30,NTT,0.24,7.48,3.22,-0.32,1.75,0.43,-50.13
2008-12-31,NTT,0.23,7.26,3.22,1.59,1.72,0.45,28.8
2009-03-31,NTT,0.23,10.0,2.33,2.1,1.85,0.41,25.24
2009-06-30,NTT,0.24,,-2.82,0.31,1.93,0.4,26.96
2009-09-30,NTT,0.24,119.59,0.2,1.08,1.8,0.4,3.74
2009-12-31,NTT,0.25,,-3.24,-0.46,1.89,0.38,-136.27
2010-03-31,NTT,0.25,,-5.65,-1.52,1.94,0.36,26.68
2010-06-30,NTT,0.26,,-7.65,-0.63,1.87,0.38,51.94
2010-09-30,NTT,0.26,,-7.32,-1.12,1.72,0.43,-2009.38
2010-12-31,NTT,0.25,,-5.52,-1.1,1.51,0.49,1513.24
2011-03-31,NTT,0.25,,-3.22,-0.64,1.79,0.39,-13.45
2011-06-30,NTT,0.25,15.95,1.55,-0.12,2.01,0.34,13.37
2011-09-30,NTT,0.25,850.79,0.03,0.38,1.68,0.42,0.47
2011-12-31,NTT,0.25,38.37,0.64,0.91,2.07,0.32,12.92
2012-03-31,NTT,0.24,31.48,0.78,0.74,2.09,0.32,-21.26
2012-06-30,NTT,0.24,33.27,0.74,0.88,1.81,0.39,6.17
2012-09-30,NTT,0.24,14.09,1.74,0.7,1.62,0.45,-52.38
2012-12-31,NTT,0.24,12.45,1.94,0.64,1.51,0.5,23.75
2013-03-31,NTT,0.24,12.7,1.89,1.08,1.77,0.41,77.27
2013-06-30,NTT,0.24,11.96,2.03,1.14,1.67,0.43,-17.7
2013-09-30,NTT,0.24,11.52,2.11,1.15,1.53,0.49,-33.04
2013-12-31,NTT,0.24,14.09,1.7,0.92,1.42,0.54,-8.64
2014-03-31,NTT,0.24,13.21,1.81,0.78,1.52,0.5,-24.54
2014-06-30,NTT,0.24,13.91,1.72,0.57,1.54,0.5,19.26
2014-09-30,NTT,0.24,13.42,1.78,0.71,1.57,0.49,8.41
2014-12-31,NTT,0.23,10.12,2.32,1.04,1.61,0.47,77.75
2015-03-31,NTT,0.23,8.43,2.76,0.66,1.51,0.53,28.96
2015-06-30,NTT,0.23,7.95,2.92,0.88,1.59,0.49,-235.66
2015-09-30,NTT,0.23,6.37,3.66,1.17,1.73,0.44,-34.57
2015-12-31,NTT,0.23,5.19,4.4,1.18,1.46,0.56,6.03
2016-03-31,NTT,0.23,5.16,4.41,1.61,1.73,0.45,12.94
2016-06-30,NTT,0.23,4.96,4.7,1.79,1.55,0.52,-97.28
2016-09-30,NTT,0.23,5.06,4.59,1.34,1.45,0.56,9.32
2016-12-31,NTT,0.23,8.73,2.65,1.2,1.68,0.47,-4.45
2017-03-31,NTT,0.23,10.52,2.21,0.77,1.76,0.44,-7.35
2017-06-30,NTT,0.23,11.71,1.96,0.43,2.02,0.37,308.87
2017-09-30,NTT,0.23,15.81,1.46,0.7,2.41,0.3,-2.9
2017-12-31,NTT,0.23,18.46,1.24,0.23,2.76,0.26,56.86
2018-03-31,NTT,0.23,17.52,1.31,0.7,3.46,0.2,28.51
2018-06-30,NTT,0.22,6.52,3.41,1.37,2.84,0.26,710.11
2018-09-30,NTT,0.23,7.36,3.08,1.31,2.38,0.32,35.29
2018-12-31,NTT,0.22,6.35,3.52,1.43,2.8,0.26,78.91
2019-03-31,NTT,0.22,5.95,3.76,1.5,2.99,0.24,67.19
2019-06-30,NTT,0.22,8.42,2.6,1.08,2.91,0.25,19.21
2019-09-30,NTT,0.22,6.64,3.32,1.12,2.22,0.34,-118.18
2007-12-31,OPM,16.95,54.54,31.08,4.75,1.34,0.58,63.07
2008-12-31,OPM,14.55,99.44,14.63,3.4,1.23,0.65,61.67
2009-12-31,OPM,11.66,88.7,13.14,3.68,1.0,0.62,-124.59
2010-12-31,OPM,9.57,78.84,12.13,4.4,1.02,0.66,179.72
2011-03-31,OPM,8.76,83.3,10.52,4.02,0.97,0.56,54.26
2011-06-30,OPM,8.61,76.66,11.23,3.94,0.99,0.55,49.85
2011-09-30,OPM,8.64,77.76,11.12,3.98,1.04,0.56,55.65
2011-12-31,OPM,8.24,83.73,9.84,3.22,1.01,0.67,58.49
2012-03-31,OPM,8.32,111.01,7.49,2.49,1.02,0.51,49.66
2012-06-30,OPM,8.43,186.45,4.52,1.83,0.97,0.6,48.21
2012-09-30,OPM,7.8,80.16,9.73,2.95,1.06,0.56,73.73
2012-12-31,OPM,7.45,78.05,9.54,3.39,1.06,0.66,363.72
2013-03-31,OPM,7.33,61.85,11.86,4.01,1.14,0.54,188.32
2013-06-30,OPM,7.54,57.11,13.21,3.88,1.09,0.58,82.67
2013-09-30,OPM,7.48,110.71,6.76,2.59,1.16,0.5,28.67
2013-12-31,OPM,6.85,65.59,10.45,3.47,1.18,0.58,36.32
2014-03-31,OPM,6.75,65.04,10.37,3.46,1.33,0.49,93.39
2014-06-30,OPM,6.97,62.99,11.06,3.42,1.16,0.58,62.54
2014-09-30,OPM,6.62,44.68,14.81,4.52,1.22,0.51,189.34
2014-12-31,OPM,6.29,55.34,11.36,3.98,1.23,0.54,130.98
2015-03-31,OPM,6.19,54.8,11.3,3.96,1.34,0.48,56.71
2015-06-30,OPM,6.51,54.82,11.87,4.35,1.27,0.49,77.66
2015-09-30,OPM,6.36,70.15,9.07,3.43,1.38,0.46,58.97
2015-12-31,OPM,6.11,66.99,9.12,3.66,1.42,0.47,26.62
2016-03-31,OPM,6.25,114.27,5.47,2.44,1.45,0.44,28.34
2016-06-30,OPM,3.27,6.05,54.09,1.94,2.3,0.4,665.85
2016-09-30,OPM,3.28,6.22,52.76,0.76,4.31,0.26,-865.4
2016-12-31,OPM,4.83,7.64,63.2,-9.34,1.8,0.44,-345.6
2017-03-31,OPM,4.93,7.68,64.22,-9.88,2.22,0.36,-287.62
2017-06-30,OPM,5.2,,-19.36,-13.83,1.29,0.41,69.68
2017-09-30,OPM,5.39,,-23.01,-16.19,1.36,0.36,185.26
2017-12-31,OPM,5.75,,-19.21,-6.07,1.28,0.41,81.15
2018-03-31,OPM,5.89,,-19.45,-5.66,1.3,0.38,292.42
2018-06-30,OPM,5.88,,-10.04,-3.05,1.19,0.41,-983.45
2018-09-30,OPM,5.85,,-5.73,-1.44,1.28,0.36,-69.9
2018-12-31,OPM,5.63,117.39,4.8,-0.29,1.15,0.46,493.97
2019-03-31,OPM,5.98,418.21,1.43,-1.81,1.15,0.36,23.25
2019-06-30,OPM,5.23,47.93,10.92,-3.02,1.01,0.39,865.99
2019-09-30,OPM,5.19,46.0,11.28,-2.57,1.0,0.43,-262.75
2019-12-31,OPM,5.29,85.17,6.21,1.06,1.75,0.48,56.82
2008-12-31,PSW,121.92,173.71,70.18,25.76,14.65,0.06,273.73
2009-12-31,PSW,90.75,354.46,25.6,12.7,7.19,0.12,70.99
2010-03-31,PSW,86.91,530.3,16.39,6.18,5.6,0.16,47.45
2010-06-30,PSW,76.14,389.54,19.55,6.24,5.87,0.15,64.6
2010-09-30,PSW,94.97,331.52,28.65,9.52,4.77,0.19,75.9
2010-12-31,PSW,85.11,214.13,39.75,16.63,4.37,0.21,125.05
2011-03-31,PSW,68.62,142.6,48.12,22.16,4.41,0.2,187.77
2011-06-30,PSW,55.68,114.03,48.83,24.08,5.16,0.17,234.81
2011-09-30,PSW,57.03,90.15,63.26,24.72,4.52,0.2,303.55
2011-12-31,PSW,44.84,68.2,65.76,29.34,5.66,0.16,113.03
2012-03-31,PSW,37.63,61.58,61.11,30.11,5.31,0.18,125.58
2012-06-30,PSW,46.35,53.09,87.31,30.65,3.97,0.23,146.81
2012-09-30,PSW,39.22,52.71,74.42,31.13,5.61,0.18,147.86
2012-12-31,PSW,31.91,49.77,64.11,27.92,1.78,0.55,39.61
2013-03-31,PSW,26.89,46.34,58.04,28.1,1.47,0.66,39.65
2013-06-30,PSW,42.13,50.42,83.57,27.73,3.34,0.28,32.68
2013-09-30,PSW,38.06,42.73,89.07,28.99,4.14,0.23,35.07
2013-12-31,PSW,29.82,40.2,74.19,30.36,5.43,0.18,95.6
2014-03-31,PSW,24.65,38.3,64.37,29.14,5.05,0.19,100.78
2014-06-30,PSW,33.87,32.74,103.46,29.43,1.87,0.5,104.83
2014-09-30,PSW,27.87,33.94,82.1,26.78,4.18,0.22,100.89
2014-12-31,PSW,30.22,38.64,78.21,23.99,3.33,0.28,102.77
2015-03-31,PSW,23.37,34.49,67.75,22.81,4.52,0.21,106.22
2015-06-30,PSW,27.72,31.58,87.77,23.96,2.01,0.47,-603.21
2015-09-30,PSW,20.45,26.17,78.11,26.13,3.46,0.28,104.99
2015-12-31,PSW,19.22,20.78,92.52,28.48,3.35,0.29,103.9
2016-03-31,PSW,14.7,18.6,79.0,29.39,4.42,0.24,114.35
2016-06-30,PSW,22.35,19.63,113.88,28.11,1.74,0.55,57.38
2016-09-30,PSW,16.31,18.33,88.99,26.48,3.22,0.3,99.91
2016-12-31,PSW,15.47,17.85,86.65,26.1,2.94,0.32,97.15
2017-03-31,PSW,11.11,15.23,72.98,26.35,4.13,0.24,112.51
2017-06-30,PSW,15.63,14.22,109.89,24.4,1.84,0.52,129.43
2017-09-30,PSW,12.03,13.69,87.87,25.49,3.32,0.3,128.28
2017-12-31,PSW,12.21,14.26,85.64,21.62,3.14,0.32,107.56
2018-03-31,PSW,10.41,16.94,61.46,18.89,3.83,0.27,87.84
2018-06-30,PSW,15.9,16.72,95.12,20.08,1.59,0.59,93.43
2018-09-30,PSW,11.24,14.96,75.1,19.16,2.95,0.33,96.39
2018-12-31,PSW,10.5,13.41,78.3,20.99,3.04,0.31,116.81
2019-03-31,PSW,8.79,12.65,69.51,21.75,3.29,0.29,105.75
2019-06-30,PSW,7.6,11.3,67.28,20.91,3.72,0.26,120.23
2019-09-30,PSW,6.44,11.59,55.58,20.78,3.91,0.25,105.08
2004-12-31,SGN,0.11,1.64,6.41,5.84,2.01,0.57,16.39
2005-12-31,SGN,0.1,1.82,5.3,3.97,1.26,0.65,9.32
2006-03-31,SGN,0.1,2.95,3.28,3.46,1.61,0.46,25.61
2006-06-30,SGN,0.12,,-5.13,0.91,1.53,0.46,132.69
2006-09-30,SGN,0.08,,-3.57,0.41,1.15,0.42,-16.36
2006-12-31,SGN,0.08,,-9.06,-1.44,1.22,0.56,32.52
2007-03-31,SGN,0.08,,-15.21,-3.87,1.24,0.52,130.41
2007-06-30,SGN,0.09,,-20.31,-6.37,1.07,0.65,183.24
2007-09-30,SGN,0.11,,-41.14,-10.71,1.01,0.62,63.06
2007-12-31,SGN,0.1,,-19.1,-5.99,1.12,0.6,951.63
2008-03-31,SGN,0.1,,-21.48,-6.62,1.24,0.5,-1568.99
2008-06-30,SGN,0.1,,-9.36,-2.35,1.2,0.55,-60.42
2008-09-30,SGN,0.1,1.7,5.97,3.71,1.27,0.53,23.93
2008-12-31,SGN,0.1,,-0.4,1.16,1.34,0.5,-2.54
2009-03-31,SGN,0.1,4.55,2.23,2.18,1.54,0.39,25.91
2009-06-30,SGN,0.13,,-24.6,-8.06,1.12,0.51,-770.77
2009-09-30,SGN,0.13,,-27.81,-10.48,1.14,0.46,-228.42
2009-12-31,SGN,0.13,,-38.98,-18.39,1.16,0.48,-2146.48
2010-03-31,SGN,0.14,,-41.68,-19.91,1.11,0.47,-288.94
2010-06-30,SGN,0.15,,-18.0,-6.58,1.06,0.49,-115.77
2010-09-30,SGN,0.16,,-22.83,-7.41,1.09,0.47,-119.47
2010-12-31,SGN,0.17,,-23.17,-8.5,1.08,0.54,-1030.03
2011-03-31,SGN,0.16,,-15.41,-4.77,1.36,0.44,-280.48
2011-06-30,SGN,0.16,,-8.63,-2.17,1.33,0.43,-74.74
2011-09-30,SGN,0.16,,-2.63,-0.24,1.06,0.48,-14.41
2011-12-31,SGN,0.18,,-5.72,-0.14,0.89,0.48,-29.96
2012-03-31,SGN,0.17,,-1.58,0.71,1.01,0.53,-3.39
2012-06-30,SGN,0.17,,-1.68,1.1,1.46,0.44,-7.68
2012-09-30,SGN,0.17,,-1.75,1.39,1.43,0.43,-8.95
2012-12-31,SGN,0.17,3.52,4.79,3.8,1.36,0.47,46.59
2013-03-31,SGN,0.16,3.98,4.12,4.08,1.42,0.49,46.19
2013-06-30,SGN,0.16,3.54,4.55,4.05,1.13,0.44,43.88
2013-09-30,SGN,0.16,2.76,5.75,4.28,1.11,0.47,120.38
2013-12-31,SGN,0.16,2.78,5.7,4.32,1.11,0.48,178.68
2014-03-31,SGN,0.16,3.23,4.82,3.8,1.3,0.55,-473.41
2014-06-30,SGN,0.16,3.87,4.01,3.16,1.47,0.43,106.08
2014-09-30,SGN,0.15,5.29,2.92,2.55,1.44,0.43,63.57
2014-12-31,SGN,0.16,,-1.88,0.92,1.37,0.47,29.22
2015-03-31,SGN,0.16,,-2.17,0.99,1.33,0.5,-70.26
2015-06-30,SGN,0.16,,-2.57,0.91,1.32,0.5,25.62
2015-09-30,SGN,0.16,,-4.1,0.66,1.35,0.49,46.1
2015-12-31,SGN,0.17,,-3.65,1.02,1.3,0.57,-9.09
2016-03-31,SGN,0.17,,-5.13,-0.45,1.11,0.55,114.24
2016-06-30,SGN,0.29,,-78.42,-26.2,0.95,0.69,-357.92
2016-09-30,SGN,0.29,,-81.43,-27.91,0.93,0.75,-145.88
2016-12-31,SGN,1.04,,-354.95,-38.77,0.64,0.91,574.2
2017-03-31,SGN,0.89,,-292.99,-39.67,0.63,0.9,1945.35
2017-06-30,SGN,0.94,,-83.76,-6.88,0.66,0.91,-298.61
2017-09-30,SGN,1.09,,-103.57,-7.21,1.04,0.92,130.15
2017-12-31,SGN,1.09,,-33.99,-2.54,0.78,0.9,96.81
2018-03-31,SGN,1.15,,-9.82,-1.76,0.82,0.82,-47.92
2018-06-30,SGN,1.08,106.16,1.01,-0.07,0.52,0.79,7.32
2018-09-30,SGN,1.0,6.84,14.68,5.3,0.53,0.77,423.75
2018-12-31,SGN,1.06,4.39,24.23,12.52,0.63,0.76,84.1
2019-03-31,SGN,0.94,4.87,19.32,13.22,0.69,0.76,42.74
2004-12-31,SME,2.54,68.71,3.69,4.03,1.02,0.44,28.3
2005-12-31,SME,2.18,51.71,4.22,3.87,0.88,0.39,34.19
2006-03-31,SME,2.14,38.07,5.62,4.24,0.97,0.35,33.72
2006-06-30,SME,2.3,,-2.25,0.07,2.17,0.37,-15.6
2006-09-30,SME,2.49,,-2.43,-0.77,1.88,0.42,-213.64
2006-12-31,SME,2.31,,-5.78,-2.04,2.62,0.42,-5157.14
2007-03-31,SME,2.19,,-2.93,-0.06,4.17,0.36,83.19
2007-06-30,SME,2.25,145.74,1.54,1.67,4.35,0.39,-300.0
2007-09-30,SME,2.3,32.21,7.13,5.61,2.11,0.42,19.13
2007-12-31,SME,2.14,29.75,7.21,5.69,2.12,0.45,59.51
2008-03-31,SME,2.04,29.09,7.0,5.81,2.36,0.45,16.3
2008-06-30,SME,2.1,31.85,6.6,5.37,2.58,0.45,14.08
2008-09-30,SME,2.22,70.38,3.16,3.05,2.62,0.47,10.99
2008-12-31,SME,2.02,33.95,5.94,4.96,2.58,0.5,7.88
2009-03-31,SME,1.86,21.47,8.66,6.5,2.64,0.49,17.24
2009-06-30,SME,1.95,26.43,7.36,5.59,2.83,0.48,17.79
2009-09-30,SME,1.98,17.86,11.07,7.15,2.71,0.49,28.01
2009-12-31,SME,1.79,15.86,11.29,6.42,2.95,0.48,60.07
2010-03-31,SME,1.7,19.71,8.62,5.22,2.84,0.49,52.44
2010-06-30,SME,1.85,12.88,14.34,7.72,2.54,0.51,70.22
2010-09-30,SME,1.83,11.2,16.38,8.12,2.25,0.54,134.17
2010-12-31,SME,1.56,7.59,20.56,11.88,1.86,0.5,221.45
2011-03-31,SME,1.55,9.27,16.69,9.87,2.01,0.45,-4445.71
2011-06-30,SME,1.47,7.09,20.77,11.44,2.03,0.45,299.12
2011-09-30,SME,1.42,6.22,22.85,12.45,2.3,0.42,179.07
2011-12-31,SME,1.22,5.5,22.08,13.33,2.0,0.44,148.24
2012-03-31,SME,1.22,5.9,20.74,12.01,2.23,0.41,164.25
2012-06-30,SME,1.16,8.64,13.43,10.0,2.33,0.38,209.18
2012-09-30,SME,2.04,13.23,15.38,10.8,3.26,0.31,344.36
2012-12-31,SME,1.74,9.43,18.45,14.13,2.44,0.37,104.7
2013-03-31,SME,1.73,7.8,22.16,17.32,4.17,0.27,146.05
2013-06-30,SME,1.96,9.31,21.08,14.6,2.24,0.4,348.66
2013-09-30,SME,1.88,9.37,20.04,14.51,2.9,0.34,113.03
2013-12-31,SME,2.14,7.01,30.5,15.61,1.44,0.56,207.51
2014-03-31,SME,2.07,7.27,28.52,14.0,1.37,0.55,126.05
2014-06-30,SME,2.24,5.03,44.57,15.74,1.17,0.6,109.59
2014-09-30,SME,2.12,4.94,42.84,14.91,1.29,0.52,111.69
2014-12-31,SME,1.67,4.76,35.03,12.23,1.48,0.52,148.22
2015-03-31,SME,1.67,5.17,32.41,10.16,1.42,0.54,177.5
2015-06-30,SME,2.26,7.6,29.78,6.62,1.11,0.58,102.52
2015-09-30,SME,2.02,6.33,31.97,7.36,1.14,0.56,101.16
2015-12-31,SME,2.97,,-49.81,-11.64,0.82,0.66,-209.31
2016-03-31,SME,4.43,,-121.98,-23.2,0.6,0.74,-164.93
2016-06-30,SME,2.95,,-42.45,-9.27,0.77,0.69,-67.84
2016-09-30,SME,2.36,,-45.84,-14.31,0.88,0.63,-169.56
2016-12-31,SME,2.5,56.71,4.41,4.34,0.93,0.64,10.14
2017-03-31,SME,2.5,8.29,30.19,12.02,0.9,0.63,73.84
2017-06-30,SME,2.57,50.88,5.05,3.41,0.89,0.65,78.82
2017-09-30,SME,2.67,125.53,2.13,3.22,0.88,0.65,12.8
2017-12-31,SME,2.17,11.41,19.0,8.47,1.02,0.65,43.96
2018-03-31,SME,2.11,10.3,20.52,9.15,1.06,0.59,633.52
2018-06-30,SME,2.62,10.55,24.83,8.39,0.86,0.66,66.26
2018-09-30,SME,2.55,8.39,30.44,9.63,0.83,0.63,68.01
2018-12-31,SME,2.08,8.48,24.48,11.48,0.99,0.6,150.29
2019-03-31,SME,1.99,7.96,25.07,12.61,1.03,0.55,52.01
2019-06-30,SME,2.21,7.51,29.43,13.25,0.95,0.6,62.91
2019-09-30,SME,2.12,7.17,29.51,13.72,0.98,0.57,67.82
2019-12-31,SME,1.78,6.84,26.08,11.53,1.13,0.55,87.85
2015-12-31,SVRS,0.8,,-34.21,-341.06,0.7,0.24,104.92
2016-12-31,SVRS,0.55,,-48.73,-4812.05,14.59,0.07,360.87
2017-12-31,SVRS,0.84,,-37.78,-6289.19,1.09,0.16,305.8
2018-06-30,SVRS,0.98,,-39.34,-31291.78,0.85,0.19,250.24
2018-09-30,SVRS,0.64,,-25.6,-70132.51,3.15,0.13,133.78
2018-12-31,SVRS,0.69,,-26.29,-14776.19,1.76,0.17,104.19
2019-03-31,SVRS,0.7,,-27.14,-4314.59,1.54,0.14,117.3
2019-06-30,SVRS,0.77,,-27.29,-2080.31,0.7,0.17,102.09
2019-09-30,SVRS,0.81,,-30.65,-1714.52,0.48,0.26,162.83
2019-12-31,SVRS,0.95,,-51.06,-2104.52,0.39,0.38,199.43
2004-12-31,TLX,0.9,29.43,3.06,1.53,2.5,0.23,16.65
2005-12-31,TLX,0.88,31.93,2.77,1.25,2.39,0.23,-52.22
2006-03-31,TLX,0.92,34.87,2.64,1.25,3.21,0.15,44.42
2006-06-30,TLX,0.93,182.36,0.51,0.6,2.57,0.2,1.99
2006-09-30,TLX,0.92,,-0.61,-0.2,2.65,0.2,-5.34
2006-12-31,TLX,0.89,131.92,0.67,0.3,2.43,0.23,2.89
2007-03-31,TLX,0.9,34.77,2.6,1.18,5.55,0.09,12.51
2007-06-30,TLX,0.87,14.72,5.93,2.48,1.39,0.55,84.77
2007-09-30,TLX,0.88,18.57,4.73,2.01,3.06,0.19,111.65
2007-12-31,TLX,0.8,8.44,9.5,3.88,1.64,0.45,41.9
2008-03-31,TLX,0.82,8.41,9.69,3.76,2.85,0.22,293.43
2008-06-30,TLX,0.85,9.37,9.11,3.9,2.43,0.26,53.55
2008-09-30,TLX,0.87,10.54,8.23,3.48,2.42,0.26,109.25
2008-12-31,TLX,0.78,9.23,8.5,4.82,1.62,0.47,71.61
2009-03-31,TLX,0.82,13.38,6.12,4.26,4.49,0.14,55.92
2009-06-30,TLX,0.88,19.48,4.49,3.7,5.48,0.11,48.55
2009-09-30,TLX,0.9,27.89,3.24,3.29,6.05,0.1,12.02
2009-12-31,TLX,0.89,,-6.68,-5.19,2.94,0.22,138.24
2010-03-31,TLX,0.93,,-6.18,-5.44,3.84,0.16,75.84
2010-06-30,TLX,0.91,,-4.22,-2.82,2.7,0.2,75.34
2010-09-30,TLX,0.93,,-2.97,-1.59,2.7,0.2,-91.11
2010-12-31,TLX,0.85,16.58,5.11,2.39,2.21,0.29,75.94
2011-03-31,TLX,0.89,22.1,4.04,1.79,2.61,0.22,19.73
2011-06-30,TLX,0.93,42.86,2.16,0.75,1.89,0.32,8.28
2011-09-30,TLX,0.92,19.5,4.72,1.33,1.83,0.31,40.01
2011-12-31,TLX,0.86,56.2,1.54,0.12,1.74,0.35,-8.75
2012-03-31,TLX,0.9,32.66,2.76,0.4,3.41,0.15,67.72
2012-06-30,TLX,0.96,,-1.81,-0.97,2.12,0.23,17.51
2012-09-30,TLX,0.99,,-5.5,-2.61,2.55,0.18,63.57
2012-12-31,TLX,0.92,,-5.34,-2.7,1.69,0.36,-27.7
2013-03-31,TLX,0.92,,-0.09,-0.32,2.22,0.25,-0.45
2013-06-30,TLX,0.9,11.23,7.97,3.29,1.95,0.28,68.58
2013-09-30,TLX,0.87,6.15,14.1,6.15,3.42,0.16,56.4
2013-12-31,TLX,0.84,6.26,13.41,6.14,1.78,0.35,38.57
2014-03-31,TLX,0.81,5.06,15.95,7.74,3.4,0.16,75.82
2014-06-30,TLX,0.87,5.25,16.49,8.31,2.1,0.24,47.43
2014-09-30,TLX,0.81,4.53,17.95,8.83,2.07,0.27,87.28
2014-12-31,TLX,0.77,4.29,17.85,9.67,1.92,0.32,80.65
2015-03-31,TLX,0.77,5.17,14.85,7.71,2.29,0.27,74.91
2015-06-30,TLX,0.85,6.01,14.14,6.86,1.05,0.4,90.14
2015-09-30,TLX,0.84,7.8,10.73,5.65,1.1,0.4,49.65
2015-12-31,TLX,0.76,5.95,12.82,6.78,1.21,0.45,106.47
2016-03-31,TLX,0.75,5.6,13.46,7.5,1.41,0.33,62.32
2016-06-30,TLX,0.81,5.53,14.65,7.43,1.19,0.32,50.95
2016-09-30,TLX,0.8,6.29,12.72,6.85,1.19,0.33,45.01
2016-12-31,TLX,0.75,7.88,9.51,5.72,1.23,0.4,43.1
2017-03-31,TLX,0.74,7.48,9.85,6.13,1.46,0.29,40.2
2017-06-30,TLX,0.78,7.22,10.78,5.91,1.17,0.35,44.03
2017-09-30,TLX,0.76,6.6,11.55,6.34,1.25,0.31,49.62
2017-12-31,TLX,0.71,6.49,10.99,6.98,1.34,0.34,55.49
2018-03-31,TLX,0.71,7.28,9.75,6.03,1.47,0.23,55.57
2018-06-30,TLX,0.75,7.33,10.3,6.4,0.93,0.3,56.66
2018-09-30,TLX,0.74,7.1,10.37,6.52,0.89,0.37,54.91
2018-12-31,TLX,0.68,5.66,11.93,8.8,1.46,0.26,53.82
2019-03-31,TLX,0.68,6.42,10.61,7.74,1.01,0.25,50.81
2019-06-30,TLX,0.72,6.25,11.58,8.05,0.84,0.29,55.59
2019-09-30,TLX,0.73,8.82,8.3,6.1,0.8,0.27,48.57
2004-12-31,WAS,1.14,5.2,21.95,6.66,2.08,0.44,-39.59
2005-12-31,WAS,1.28,,-12.28,-5.39,1.91,0.46,39.31
2006-03-31,WAS,1.28,,-5.38,-3.68,2.51,0.35,16.43
2006-06-30,WAS,1.41,,-10.36,-3.88,1.96,0.45,24.15
2006-09-30,WAS,1.48,,-15.79,-4.6,2.95,0.29,33.71
2006-12-31,WAS,0.91,8.56,10.6,6.42,2.42,0.3,209.43
2007-03-31,WAS,0.86,7.51,11.5,5.97,2.19,0.34,47.97
2007-06-30,WAS,0.89,7.13,12.42,4.46,1.42,0.58,102.6
2007-09-30,WAS,0.85,5.22,16.27,5.17,3.77,0.21,105.14
2007-12-31,WAS,0.72,3.63,19.9,8.9,1.74,0.48,103.93
2008-03-31,WAS,0.71,3.62,19.74,8.9,2.65,0.3,294.98
2008-06-30,WAS,0.74,3.33,22.36,8.85,1.32,0.59,44.6
2008-09-30,WAS,0.73,3.57,20.37,8.19,1.44,0.53,112.82
2008-12-31,WAS,0.7,7.84,8.94,4.88,1.93,0.32,43.92
2009-03-31,WAS,0.71,11.66,6.12,4.26,2.38,0.24,25.9
2009-06-30,WAS,0.71,11.88,5.99,5.42,1.62,0.31,-73.08
2009-09-30,WAS,0.72,24.57,2.93,2.76,1.62,0.29,14.61
2009-12-31,WAS,0.71,110.5,0.64,0.14,1.61,0.37,3.3
2010-03-31,WAS,0.71,29.71,2.4,0.51,2.3,0.23,19.0
2010-06-30,WAS,0.71,52.12,1.36,0.19,1.89,0.3,8.78
2010-09-30,WAS,0.69,16.33,4.25,2.41,1.57,0.39,36.17
2010-12-31,WAS,0.68,14.73,4.61,2.91,1.58,0.4,66.16
2011-03-31,WAS,0.67,9.98,6.67,4.43,1.84,0.32,-1647.58
2011-06-30,WAS,0.67,8.62,7.75,5.33,1.85,0.3,35.51
2011-09-30,WAS,0.66,10.01,6.64,4.72,1.83,0.3,39.63
2011-12-31,WAS,0.63,6.64,9.5,7.71,1.93,0.31,45.76
2012-03-31,WAS,0.63,8.17,7.71,6.53,1.91,0.31,24.94
2012-06-30,WAS,0.64,9.48,6.72,5.33,1.9,0.3,75.36
2012-09-30,WAS,0.63,8.98,7.02,6.64,1.67,0.45,39.49
2012-12-31,WAS,0.61,12.63,4.85,4.08,1.27,0.49,16.23
2013-03-31,WAS,0.6,9.63,6.24,4.81,1.51,0.43,58.93
2013-06-30,WAS,0.6,7.19,8.3,6.29,1.42,0.46,-185.37
2013-09-30,WAS,0.59,7.4,8.0,5.81,1.46,0.42,91.13
2013-12-31,WAS,0.6,14.69,4.08,5.04,1.22,0.44,-144.15
2014-03-31,WAS,0.59,13.79,4.26,5.11,1.44,0.45,-416.68
2014-06-30,WAS,0.59,25.35,2.31,3.73,1.23,0.47,21.91
2014-09-30,WAS,0.58,22.98,2.52,3.64,1.34,0.47,172.81
2014-12-31,WAS,0.56,8.56,6.59,5.08,1.57,0.39,146.78
2015-03-31,WAS,0.54,5.73,9.36,6.86,1.47,0.45,126.84
2015-06-30,WAS,0.54,6.06,8.93,6.48,1.41,0.4,50.21
2015-09-30,WAS,0.52,4.73,10.99,7.34,1.61,0.34,34.21
2015-12-31,WAS,0.5,4.3,11.63,7.23,1.99,0.27,24.17
2016-03-31,WAS,0.5,7.36,6.82,4.86,2.51,0.2,12.97
2016-06-30,WAS,0.52,8.58,6.07,4.46,2.1,0.24,13.25
2016-09-30,WAS,0.52,17.38,2.99,2.56,2.37,0.21,11.47
2016-12-31,WAS,0.52,,-0.07,0.0,2.41,0.21,3.59
2017-03-31,WAS,0.51,62.29,0.82,1.28,2.3,0.22,33.71
2017-06-30,WAS,0.5,15.04,3.35,4.27,2.86,0.18,69.8
2017-09-30,WAS,0.51,22.22,2.28,2.96,2.49,0.2,39.46
2017-12-31,WAS,0.49,11.42,4.32,4.95,2.22,0.24,-289.37
2018-03-31,WAS,0.5,16.86,2.95,3.29,2.58,0.2,47.36
2018-06-30,WAS,0.5,40.06,1.24,1.06,2.0,0.29,8.5
2018-09-30,WAS,0.5,23.3,2.13,1.96,1.76,0.32,-436.87
2018-12-31,WAS,0.48,15.91,3.01,2.38,1.69,0.36,28.48
2019-03-31,WAS,0.48,14.82,3.25,2.54,1.81,0.31,127.89
2019-06-30,WAS,0.48,11.04,4.32,3.4,1.64,0.36,-22.69
2019-09-30,WAS,0.47,8.37,5.61,4.21,1.63,0.37,-60.08
2019-12-31,WAS,0.47,18.88,2.48,1.83,1.57,0.4,129.43
